filename,width,height,class,xmin,ymin,xmax,ymax
xuz31.jpg,1920,1080,cheques,1342,781,1880,1037
xuz32.jpg,1920,1080,cheques,501,225,1039,481
xuz33.jpg,1920,1080,cheques,969,272,1507,528
xuz34.jpg,1920,1080,cheques,53,622,591,878
xuz35.jpg,1920,1080,cheques,377,635,915,891
xuz36.jpg,1920,1080,cheques,451,733,989,989
xuz37.jpg,1920,1080,cheques,22,764,560,1020
xuz38.jpg,1920,1080,cheques,1054,456,1592,712
xuz39.jpg,1920,1080,cheques,857,194,1395,450
xuz40.jpg,1920,1080,cheques,554,540,1092,796
xuz41.jpg,1920,1080,cheques,1117,640,1655,896
xuz42.jpg,1920,1080,cheques,1258,244,1796,500
xuz43.jpg,1920,1080,cheques,289,688,827,944
xuz44.jpg,1920,1080,cheques,590,183,1128,439
xuz45.jpg,1920,1080,cheques,1046,700,1584,956
xuz46.jpg,1920,1080,cheques,267,173,805,429
xuz47.jpg,1920,1080,cheques,1251,576,1789,832
xuz48.jpg,1920,1080,cheques,834,591,1372,847
xuz49.jpg,1920,1080,cheques,281,247,819,503
xuz50.jpg,1920,1080,cheques,394,786,932,1042
xuz51.jpg,1920,1080,cheques,957,430,1495,686
xuz52.jpg,1920,1080,cheques,1137,623,1675,879
xuz53.jpg,1920,1080,cheques,1335,346,1873,602
xuz54.jpg,1920,1080,cheques,1236,384,1774,640
xuz55.jpg,1920,1080,cheques,1066,699,1604,955
xuz56.jpg,1920,1080,cheques,337,237,875,493
xuz57.jpg,1920,1080,cheques,741,573,1279,829
xuz58.jpg,1920,1080,cheques,468,507,1006,763
xuz59.jpg,1920,1080,cheques,1304,419,1842,675
xuz60.jpg,1920,1080,cheques,332,286,870,542
xuz61.jpg,1920,1080,cheques,941,37,1479,293
xuz62.jpg,1920,1080,cheques,1249,600,1787,856
xuz63.jpg,1920,1080,cheques,1118,781,1656,1037
xuz64.jpg,1920,1080,cheques,535,603,1073,859
xuz65.jpg,1920,1080,cheques,708,416,1246,672
xuz66.jpg,1920,1080,cheques,1025,48,1563,304
xuz67.jpg,1920,1080,cheques,515,581,1053,837
xuz68.jpg,1920,1080,cheques,1093,179,1631,435
xuz69.jpg,1920,1080,cheques,459,529,997,785
xuz70.jpg,1920,1080,cheques,277,157,815,413
xuz71.jpg,1920,1080,cheques,621,442,1159,698
xuz72.jpg,1920,1080,cheques,104,737,642,993
xuz73.jpg,1920,1080,cheques,467,248,1005,504
xuz74.jpg,1920,1080,cheques,646,719,1184,975
xuz75.jpg,1920,1080,cheques,543,53,1081,309
xuz76.jpg,1920,1080,cheques,510,579,1048,835
xuz77.jpg,1920,1080,cheques,1361,736,1899,992
xuz78.jpg,1920,1080,cheques,565,56,1103,312
xuz79.jpg,1920,1080,cheques,315,56,853,312
xuz80.jpg,1920,1080,cheques,1074,707,1612,963
xuz81.jpg,1920,1080,cheques,780,308,1318,564
xuz82.jpg,1920,1080,cheques,120,468,658,724
xuz83.jpg,1920,1080,cheques,528,517,1066,773
xuz84.jpg,1920,1080,cheques,470,698,1008,954
xuz85.jpg,1920,1080,cheques,480,181,1018,437
xuz86.jpg,1920,1080,cheques,776,639,1314,895
xuz87.jpg,1920,1080,cheques,1026,803,1564,1059
xuz88.jpg,1920,1080,cheques,936,494,1474,750
xuz89.jpg,1920,1080,cheques,876,705,1414,961
xuz90.jpg,1920,1080,cheques,718,141,11080,397
xuz91.jpg,1920,1080,cheques,1006,274,1544,530
xuz92.jpg,1920,1080,cheques,1040,337,1578,593
xuz93.jpg,1920,1080,cheques,641,782,1179,1038
xuz94.jpg,1920,1080,cheques,642,814,1180,1070
xuz95.jpg,1920,1080,cheques,1172,347,1710,603
xuz96.jpg,1920,1080,cheques,801,175,1339,431
xuz97.jpg,1920,1080,cheques,1095,510,1633,766
xuz98.jpg,1920,1080,cheques,629,310,1167,566
xuz99.jpg,1920,1080,cheques,829,622,1367,878
xuz100.jpg,1920,1080,cheques,504,61,1042,317
xuz101.jpg,1920,1080,cheques,872,775,1410,1031
xuz102.jpg,1920,1080,cheques,1014,623,1552,879
xuz103.jpg,1920,1080,cheques,691,79,1229,335
xuz104.jpg,1920,1080,cheques,1348,583,1886,839
xuz105.jpg,1920,1080,cheques,1066,586,1604,842
xuz106.jpg,1920,1080,cheques,1238,798,1776,1054
xuz107.jpg,1920,1080,cheques,940,413,1478,669
xuz108.jpg,1920,1080,cheques,720,196,1258,452
xuz109.jpg,1920,1080,cheques,354,214,892,470
xuz110.jpg,1920,1080,cheques,371,322,909,578
xuz111.jpg,1920,1080,cheques,1091,241,1629,497
xuz112.jpg,1920,1080,cheques,823,226,1361,482
xuz113.jpg,1920,1080,cheques,1215,552,1753,808
xuz114.jpg,1920,1080,cheques,1005,673,1543,929
xuz115.jpg,1920,1080,cheques,1067,504,1605,760
xuz116.jpg,1920,1080,cheques,34,187,572,443
xuz117.jpg,1920,1080,cheques,1082,211,1620,467
xuz118.jpg,1920,1080,cheques,476,270,1014,526
xuz119.jpg,1920,1080,cheques,140,496,678,752
xuz120.jpg,1920,1080,cheques,706,243,1244,499
xuz121.jpg,1920,1080,cheques,772,772,1310,1028
xuz122.jpg,1920,1080,cheques,259,422,797,678
xuz123.jpg,1920,1080,cheques,564,438,1102,694
xuz124.jpg,1920,1080,cheques,1285,788,1823,1044
xuz125.jpg,1920,1080,cheques,1278,221,1816,477
xuz126.jpg,1920,1080,cheques,461,221,999,477
xuz127.jpg,1920,1080,cheques,1020,266,1558,522
xuz128.jpg,1920,1080,cheques,1052,753,1590,1009
xuz129.jpg,1920,1080,cheques,870,509,1408,765
xuz130.jpg,1920,1080,cheques,1166,353,1704,609
xuz131.jpg,1920,1080,cheques,238,281,776,537
xuz132.jpg,1920,1080,cheques,225,425,763,681
xuz133.jpg,1920,1080,cheques,353,275,891,531
xuz134.jpg,1920,1080,cheques,631,585,1169,841
xuz135.jpg,1920,1080,cheques,1311,731,1849,987
xuz136.jpg,1920,1080,cheques,1277,663,1815,919
xuz137.jpg,1920,1080,cheques,1072,305,1610,561
xuz138.jpg,1920,1080,cheques,542,534,1080,790
xuz139.jpg,1920,1080,cheques,375,730,913,986
xuz140.jpg,1920,1080,cheques,1007,804,1545,1060
xuz141.jpg,1920,1080,cheques,1329,562,1867,818
xuz142.jpg,1920,1080,cheques,527,407,1065,663
xuz143.jpg,1920,1080,cheques,1176,666,1714,922
xuz144.jpg,1920,1080,cheques,470,766,1008,1022
xuz145.jpg,1920,1080,cheques,964,463,1502,719
xuz146.jpg,1920,1080,cheques,1015,121,1553,377
xuz147.jpg,1920,1080,cheques,226,823,764,1079
xuz148.jpg,1920,1080,cheques,329,558,867,814
xuz149.jpg,1920,1080,cheques,540,245,1078,501
xuz150.jpg,1920,1080,cheques,653,773,1191,1029
xuz151.jpg,1920,1080,cheques,394,600,932,856
xuz152.jpg,1920,1080,cheques,1210,249,1748,505
xuz153.jpg,1920,1080,cheques,784,481,1322,737
xuz154.jpg,1920,1080,cheques,237,245,775,501
xuz155.jpg,1920,1080,cheques,29,793,567,1049
xuz156.jpg,1920,1080,cheques,1066,220,1604,476
xuz157.jpg,1920,1080,cheques,784,817,1322,1073
xuz158.jpg,1920,1080,cheques,928,669,1466,925
xuz159.jpg,1920,1080,cheques,31,486,569,742
xuz160.jpg,1920,1080,cheques,139,462,677,718
xuz161.jpg,1920,1080,cheques,633,193,1171,449
xuz162.jpg,1920,1080,cheques,1061,397,1599,653
xuz163.jpg,1920,1080,cheques,1309,72,1847,328
xuz164.jpg,1920,1080,cheques,443,235,981,491
xuz165.jpg,1920,1080,cheques,875,222,1413,478
xuz166.jpg,1920,1080,cheques,1194,563,1732,819
xuz167.jpg,1920,1080,cheques,1236,541,1774,797
xuz168.jpg,1920,1080,cheques,1226,145,1764,401
xuz169.jpg,1920,1080,cheques,943,658,1481,914
xuz170.jpg,1920,1080,cheques,793,63,1331,319
xuz171.jpg,1920,1080,cheques,442,772,980,1028
xuz172.jpg,1920,1080,cheques,1027,7,1565,263
xuz173.jpg,1920,1080,cheques,285,303,823,559
xuz174.jpg,1920,1080,cheques,1322,209,1860,465
xuz175.jpg,1920,1080,cheques,343,574,881,830
xuz176.jpg,1920,1080,cheques,858,770,1396,1026
xuz177.jpg,1920,1080,cheques,994,94,1532,350
xuz178.jpg,1920,1080,cheques,1175,439,1713,695
xuz179.jpg,1920,1080,cheques,65,485,603,741
xuz180.jpg,1920,1080,cheques,770,117,1308,373
xuz181.jpg,1920,1080,cheques,977,790,1515,1046
xuz182.jpg,1920,1080,cheques,104,333,642,589
xuz183.jpg,1920,1080,cheques,860,114,1398,370
xuz184.jpg,1920,1080,cheques,650,457,1188,713
xuz185.jpg,1920,1080,cheques,953,555,1491,811
xuz186.jpg,1920,1080,cheques,578,659,1116,915
xuz187.jpg,1920,1080,cheques,1111,813,1649,1069
xuz188.jpg,1920,1080,cheques,211,107,749,363
xuz189.jpg,1920,1080,cheques,1197,649,1735,905
xuz190.jpg,1920,1080,cheques,682,347,1220,603
xuz191.jpg,1920,1080,cheques,106,339,644,595
xuz192.jpg,1920,1080,cheques,1007,50,1545,306
xuz193.jpg,1920,1080,cheques,867,55,1405,311
xuz194.jpg,1920,1080,cheques,956,804,1494,1060
xuz195.jpg,1920,1080,cheques,57,255,595,512
xuz196.jpg,1920,1080,cheques,352,673,890,929
xuz197.jpg,1920,1080,cheques,301,277,839,533
xuz198.jpg,1920,1080,cheques,374,171,912,427
xuz199.jpg,1920,1080,cheques,1258,332,1796,588
xuz200.jpg,1920,1080,cheques,1296,152,1834,408
xuz201.jpg,1920,1080,cheques,737,645,1275,901
xuz202.jpg,1920,1080,cheques,722,529,1260,785
xuz203.jpg,1920,1080,cheques,1224,497,1762,753
xuz204.jpg,1920,1080,cheques,438,105,976,361
xuz205.jpg,1920,1080,cheques,1048,607,1586,863
xuz206.jpg,1920,1080,cheques,1127,15,1665,271
xuz207.jpg,1920,1080,cheques,932,272,1470,528
xuz208.jpg,1920,1080,cheques,1107,645,1645,901
xuz209.jpg,1920,1080,cheques,406,543,944,799
xuz210.jpg,1920,1080,cheques,1047,626,1585,882
xuz211.jpg,1920,1080,cheques,127,523,665,779
xuz212.jpg,1920,1080,cheques,1310,442,1848,698
xuz213.jpg,1920,1080,cheques,811,392,1349,648
xuz214.jpg,1920,1080,cheques,1239,748,1777,1004
xuz215.jpg,1920,1080,cheques,236,178,774,434
xuz216.jpg,1920,1080,cheques,1266,273,1804,529
xuz217.jpg,1920,1080,cheques,1259,86,1797,342
xuz218.jpg,1920,1080,cheques,988,75,1526,331
xuz219.jpg,1920,1080,cheques,102,628,640,884
xuz220.jpg,1920,1080,cheques,407,166,945,422
xuz221.jpg,1920,1080,cheques,424,686,962,942
xuz222.jpg,1920,1080,cheques,683,591,1221,847
xuz223.jpg,1920,1080,cheques,128,141,666,397
xuz224.jpg,1920,1080,cheques,1297,677,1835,933
xuz225.jpg,1920,1080,cheques,947,669,1485,925
xuz226.jpg,1920,1080,cheques,917,351,1455,607
xuz227.jpg,1920,1080,cheques,354,541,892,797
xuz228.jpg,1920,1080,cheques,1105,203,1643,459
xuz229.jpg,1920,1080,cheques,1071,33,1609,289
xuz230.jpg,1920,1080,cheques,540,682,1078,938
xuz231.jpg,1920,1080,cheques,366,784,904,1040
xuz232.jpg,1920,1080,cheques,808,101,1346,357
xuz233.jpg,1920,1080,cheques,188,231,726,487
xuz234.jpg,1920,1080,cheques,972,339,1510,595
xuz235.jpg,1920,1080,cheques,190,198,728,454
xuz236.jpg,1920,1080,cheques,1377,819,1915,1075
xuz237.jpg,1920,1080,cheques,1316,793,1854,1049
xuz238.jpg,1920,1080,cheques,1157,142,1695,398
xuz239.jpg,1920,1080,cheques,1119,695,1657,951
xuz240.jpg,1920,1080,cheques,190,539,728,794
xuz241.jpg,1920,1080,cheques,309,410,847,666
xuz242.jpg,1920,1080,cheques,632,758,1170,1014
xuz243.jpg,1920,1080,cheques,70,139,608,395
xuz244.jpg,1920,1080,cheques,1150,509,1688,765
xuz245.jpg,1920,1080,cheques,1019,328,1557,584
xuz246.jpg,1920,1080,cheques,1267,86,1805,342
xuz247.jpg,1920,1080,cheques,579,37,1117,293
xuz248.jpg,1920,1080,cheques,86,213,624,469
xuz249.jpg,1920,1080,cheques,141,617,679,873
xuz250.jpg,1920,1080,cheques,265,218,803,474
xuz251.jpg,1920,1080,cheques,782,497,1320,753
xuz252.jpg,1920,1080,cheques,1205,36,1743,292
xuz253.jpg,1920,1080,cheques,761,203,1299,459
xuz254.jpg,1920,1080,cheques,1329,703,1867,959
xuz255.jpg,1920,1080,cheques,90,733,628,989
xuz256.jpg,1920,1080,cheques,961,488,1499,744
xuz257.jpg,1920,1080,cheques,305,139,843,395
xuz258.jpg,1920,1080,cheques,1292,397,1830,653
xuz259.jpg,1920,1080,cheques,547,437,1085,693
xuz260.jpg,1920,1080,cheques,944,673,1482,929
xuz261.jpg,1920,1080,cheques,1103,290,1641,546
xuz262.jpg,1920,1080,cheques,383,113,921,369
xuz263.jpg,1920,1080,cheques,695,40,1233,296
xuz264.jpg,1920,1080,cheques,1059,198,1597,454
xuz265.jpg,1920,1080,cheques,966,719,1504,975
xuz266.jpg,1920,1080,cheques,1252,821,1790,1077
xuz267.jpg,1920,1080,cheques,602,140,1140,396
xuz268.jpg,1920,1080,cheques,973,785,1511,1041
xuz269.jpg,1920,1080,cheques,810,569,1348,825
xuz270.jpg,1920,1080,cheques,448,502,986,758
xuz271.jpg,1920,1080,cheques,793,692,1331,948
xuz272.jpg,1920,1080,cheques,969,394,1507,650
xuz273.jpg,1920,1080,cheques,86,505,624,761
xuz274.jpg,1920,1080,cheques,1284,649,1822,905
xuz275.jpg,1920,1080,cheques,13,670,551,926
xuz276.jpg,1920,1080,cheques,337,426,875,682
xuz277.jpg,1920,1080,cheques,413,823,951,1079
xuz278.jpg,1920,1080,cheques,564,42,1102,298
xuz279.jpg,1920,1080,cheques,527,122,1065,378
xuz280.jpg,1920,1080,cheques,1191,695,1729,951
xuz281.jpg,1920,1080,cheques,306,15,844,271
xuz282.jpg,1920,1080,cheques,558,482,1096,738
xuz283.jpg,1920,1080,cheques,830,578,1368,834
xuz284.jpg,1920,1080,cheques,1161,710,1699,966
xuz285.jpg,1920,1080,cheques,1059,98,1597,354
xuz286.jpg,1920,1080,cheques,907,37,1445,293
xuz287.jpg,1920,1080,cheques,626,46,1164,302
xuz288.jpg,1920,1080,cheques,1183,452,1721,708
xuz289.jpg,1920,1080,cheques,139,699,677,955
xuz290.jpg,1920,1080,cheques,895,522,1433,778
xuz291.jpg,1920,1080,cheques,1073,738,1611,994
xuz292.jpg,1920,1080,cheques,576,127,1114,383
xuz293.jpg,1920,1080,cheques,1035,677,1573,933
xuz294.jpg,1920,1080,cheques,1367,173,1905,429
xuz295.jpg,1920,1080,cheques,627,34,1165,290
xuz296.jpg,1920,1080,cheques,1028,105,1566,361
xuz297.jpg,1920,1080,cheques,239,600,777,856
xuz298.jpg,1920,1080,cheques,996,386,1534,642
xuz299.jpg,1920,1080,cheques,637,36,1175,292
xuz300.jpg,1920,1080,cheques,47,531,585,787
xuz301.jpg,1920,1080,cheques,891,522,1429,778
xuz302.jpg,1920,1080,cheques,809,389,1347,645
xuz303.jpg,1920,1080,cheques,132,702,670,958
xuz304.jpg,1920,1080,cheques,1255,805,1793,1061
xuz305.jpg,1920,1080,cheques,1062,416,1600,672
xuz306.jpg,1920,1080,cheques,397,299,935,555
xuz307.jpg,1920,1080,cheques,42,208,580,464
xuz308.jpg,1920,1080,cheques,78,451,616,707
xuz309.jpg,1920,1080,cheques,433,510,971,766
xuz310.jpg,1920,1080,cheques,993,277,1531,533
xuz311.jpg,1920,1080,cheques,436,337,974,593
xuz312.jpg,1920,1080,cheques,9,451,547,707
xuz313.jpg,1920,1080,cheques,584,523,1122,779
xuz314.jpg,1920,1080,cheques,727,119,1265,375
xuz315.jpg,1920,1080,cheques,605,652,1143,908
xuz316.jpg,1920,1080,cheques,388,712,926,968
xuz317.jpg,1920,1080,cheques,193,31,731,287
xuz318.jpg,1920,1080,cheques,550,628,1088,884
xuz319.jpg,1920,1080,cheques,758,676,1296,932
xuz320.jpg,1920,1080,cheques,90,303,628,559
xuz321.jpg,1920,1080,cheques,543,529,1081,785
xuz322.jpg,1920,1080,cheques,843,412,1381,668
xuz323.jpg,1920,1080,cheques,558,666,1096,922
xuz324.jpg,1920,1080,cheques,62,627,600,883
xuz325.jpg,1920,1080,cheques,980,563,1518,819
xuz326.jpg,1920,1080,cheques,1274,771,1812,1027
xuz327.jpg,1920,1080,cheques,707,732,1245,988
xuz328.jpg,1920,1080,cheques,664,203,1202,459
xuz329.jpg,1920,1080,cheques,934,212,1472,468
xuz330.jpg,1920,1080,cheques,169,179,707,435
xuz331.jpg,1920,1080,cheques,241,609,779,865
xuz332.jpg,1920,1080,cheques,1125,534,1663,790
xuz333.jpg,1920,1080,cheques,1182,499,1720,755
xuz334.jpg,1920,1080,cheques,61,470,599,726
xuz335.jpg,1920,1080,cheques,470,110,1008,366
xuz336.jpg,1920,1080,cheques,704,232,1242,488
xuz337.jpg,1920,1080,cheques,787,340,1325,596
xuz338.jpg,1920,1080,cheques,636,388,1174,644
xuz339.jpg,1920,1080,cheques,562,282,1100,539
xuz340.jpg,1920,1080,cheques,697,38,1235,294
xuz341.jpg,1920,1080,cheques,460,169,998,425
xuz342.jpg,1920,1080,cheques,529,360,1067,616
xuz343.jpg,1920,1080,cheques,628,17,1166,273
xuz344.jpg,1920,1080,cheques,797,322,1335,578
xuz345.jpg,1920,1080,cheques,957,637,1495,893
xuz346.jpg,1920,1080,cheques,683,103,1221,359
xuz347.jpg,1920,1080,cheques,1080,194,1618,450
xuz348.jpg,1920,1080,cheques,1247,622,1785,878
xuz349.jpg,1920,1080,cheques,866,410,1404,666
xuz350.jpg,1920,1080,cheques,51,619,589,875
xuz351.jpg,1920,1080,cheques,277,653,815,909
xuz352.jpg,1920,1080,cheques,721,276,1259,532
xuz353.jpg,1920,1080,cheques,652,58,1190,314
xuz354.jpg,1920,1080,cheques,287,128,825,384
xuz355.jpg,1920,1080,cheques,155,633,693,889
xuz356.jpg,1920,1080,cheques,880,692,1418,948
xuz357.jpg,1920,1080,cheques,113,422,651,678
xuz358.jpg,1920,1080,cheques,576,46,1114,302
xuz359.jpg,1920,1080,cheques,899,400,1437,656
xuz360.jpg,1920,1080,cheques,74,238,612,494
xuz361.jpg,1920,1080,cheques,230,176,768,432
xuz362.jpg,1920,1080,cheques,524,446,1062,702
xuz363.jpg,1920,1080,cheques,973,597,1511,853
xuz364.jpg,1920,1080,cheques,543,634,1081,890
xuz365.jpg,1920,1080,cheques,782,445,1320,701
xuz366.jpg,1920,1080,cheques,1251,545,1789,801
xuz367.jpg,1920,1080,cheques,1289,635,1827,891
xuz368.jpg,1920,1080,cheques,960,399,1498,655
xuz369.jpg,1920,1080,cheques,39,469,577,725
xuz370.jpg,1920,1080,cheques,995,588,1533,844
xuz371.jpg,1920,1080,cheques,1242,322,1780,578
xuz372.jpg,1920,1080,cheques,1313,672,1851,928
xuz373.jpg,1920,1080,cheques,877,190,1415,446
xuz374.jpg,1920,1080,cheques,577,65,1115,321
xuz375.jpg,1920,1080,cheques,1020,766,1558,1022
xuz376.jpg,1920,1080,cheques,223,625,761,881
xuz377.jpg,1920,1080,cheques,424,84,962,340
xuz378.jpg,1920,1080,cheques,954,173,1492,429
xuz379.jpg,1920,1080,cheques,40,502,578,758
xuz380.jpg,1920,1080,cheques,367,202,905,458
xuz381.jpg,1920,1080,cheques,728,427,1266,683
xuz382.jpg,1920,1080,cheques,106,199,644,455
xuz383.jpg,1920,1080,cheques,250,644,788,900
xuz384.jpg,1920,1080,cheques,1083,675,1621,931
xuz385.jpg,1920,1080,cheques,1296,29,1834,285
xuz386.jpg,1920,1080,cheques,350,800,888,1056
xuz387.jpg,1920,1080,cheques,727,800,1265,1056
xuz388.jpg,1920,1080,cheques,713,230,1251,486
xuz389.jpg,1920,1080,cheques,109,158,647,414
xuz390.jpg,1920,1080,cheques,739,661,1277,917
xuz391.jpg,1920,1080,cheques,1158,438,1696,694
xuz392.jpg,1920,1080,cheques,1026,23,1564,279
xuz393.jpg,1920,1080,cheques,771,246,1309,502
xuz394.jpg,1920,1080,cheques,510,431,1048,687
xuz395.jpg,1920,1080,cheques,217,329,755,585
xuz396.jpg,1920,1080,cheques,95,66,633,322
xuz397.jpg,1920,1080,cheques,737,468,1275,724
xuz398.jpg,1920,1080,cheques,1092,451,1630,707
xuz399.jpg,1920,1080,cheques,703,91,1241,347
xuz400.jpg,1920,1080,cheques,39,427,577,683
xuz401.jpg,1920,1080,cheques,1064,804,1602,1060
xuz402.jpg,1920,1080,cheques,1067,362,1605,618
xuz403.jpg,1920,1080,cheques,1299,31,1837,287
xuz404.jpg,1920,1080,cheques,478,411,1016,667
xuz405.jpg,1920,1080,cheques,976,186,1514,442
xuz406.jpg,1920,1080,cheques,542,627,1080,883
xuz407.jpg,1920,1080,cheques,32,788,570,1044
xuz408.jpg,1920,1080,cheques,1263,110,1801,366
xuz409.jpg,1920,1080,cheques,20,134,558,390
xuz410.jpg,1920,1080,cheques,1368,113,1906,369
xuz411.jpg,1920,1080,cheques,925,353,1463,609
xuz412.jpg,1920,1080,cheques,263,117,801,373
xuz413.jpg,1920,1080,cheques,299,743,837,999
xuz414.jpg,1920,1080,cheques,11080,466,1794,722
xuz415.jpg,1920,1080,cheques,159,544,697,800
xuz416.jpg,1920,1080,cheques,1355,446,1893,702
xuz417.jpg,1920,1080,cheques,809,709,1347,965
xuz418.jpg,1920,1080,cheques,1251,119,1789,375
xuz419.jpg,1920,1080,cheques,998,277,1536,533
xuz420.jpg,1920,1080,cheques,744,169,1282,425
xuz421.jpg,1920,1080,cheques,1278,543,1816,799
xuz422.jpg,1920,1080,cheques,410,507,948,763
xuz423.jpg,1920,1080,cheques,936,392,1474,648
xuz424.jpg,1920,1080,cheques,747,41,1285,297
xuz425.jpg,1920,1080,cheques,1018,821,1556,1077
xuz426.jpg,1920,1080,cheques,246,724,784,980
xuz427.jpg,1920,1080,cheques,530,616,1068,872
xuz428.jpg,1920,1080,cheques,663,752,1201,1008
xuz429.jpg,1920,1080,cheques,490,679,1028,935
xuz430.jpg,1920,1080,cheques,1184,541,1722,797
xuz431.jpg,1920,1080,cheques,211,788,749,1044
xuz432.jpg,1920,1080,cheques,765,512,1303,768
xuz433.jpg,1920,1080,cheques,206,415,744,671
xuz434.jpg,1920,1080,cheques,411,303,949,559
xuz435.jpg,1920,1080,cheques,1196,12,1734,268
xuz436.jpg,1920,1080,cheques,527,800,1065,1056
xuz437.jpg,1920,1080,cheques,1251,733,1789,989
xuz438.jpg,1920,1080,cheques,926,823,1464,1079
xuz439.jpg,1920,1080,cheques,342,147,880,403
xuz440.jpg,1920,1080,cheques,1265,794,1803,1050
xuz441.jpg,1920,1080,cheques,563,450,1101,706
xuz442.jpg,1920,1080,cheques,752,553,1290,809
xuz443.jpg,1920,1080,cheques,319,356,857,612
xuz444.jpg,1920,1080,cheques,159,185,697,441
xuz445.jpg,1920,1080,cheques,1000,387,11920,643
xuz446.jpg,1920,1080,cheques,636,316,1174,572
xuz447.jpg,1920,1080,cheques,1173,592,1711,848
xuz448.jpg,1920,1080,cheques,469,440,1007,696
xuz449.jpg,1920,1080,cheques,261,38,799,294
xuz450.jpg,1920,1080,cheques,977,343,1515,599
xuz451.jpg,1920,1080,cheques,701,442,1239,698
xuz452.jpg,1920,1080,cheques,632,312,1170,568
xuz453.jpg,1920,1080,cheques,925,817,1463,1073
xuz454.jpg,1920,1080,cheques,1193,328,1731,584
xuz455.jpg,1920,1080,cheques,666,482,1204,738
xuz456.jpg,1920,1080,cheques,1192,345,1730,601
xuz457.jpg,1920,1080,cheques,257,345,795,601
xuz458.jpg,1920,1080,cheques,1329,784,1867,1040
xuz459.jpg,1920,1080,cheques,482,31,1020,287
xuz460.jpg,1920,1080,cheques,415,790,953,1046
xuz461.jpg,1920,1080,cheques,400,411,938,667
xuz462.jpg,1920,1080,cheques,487,704,1025,960
xuz463.jpg,1920,1080,cheques,710,666,1248,922
xuz464.jpg,1920,1080,cheques,1088,138,1626,394
xuz465.jpg,1920,1080,cheques,253,556,791,812
xuz466.jpg,1920,1080,cheques,342,598,880,854
xuz467.jpg,1920,1080,cheques,884,92,1422,348
xuz468.jpg,1920,1080,cheques,1271,550,1809,806
xuz469.jpg,1920,1080,cheques,1070,462,1608,718
xuz470.jpg,1920,1080,cheques,1254,207,1792,463
xuz471.jpg,1920,1080,cheques,880,80,1418,336
xuz472.jpg,1920,1080,cheques,364,105,902,361
xuz473.jpg,1920,1080,cheques,303,517,841,773
xuz474.jpg,1920,1080,cheques,1303,325,1841,581
xuz475.jpg,1920,1080,cheques,1336,330,1874,586
xuz476.jpg,1920,1080,cheques,1362,50,1900,306
xuz477.jpg,1920,1080,cheques,1155,531,1693,787
xuz478.jpg,1920,1080,cheques,117,277,655,533
xuz479.jpg,1920,1080,cheques,167,297,705,553
xuz480.jpg,1920,1080,cheques,580,379,1118,635
xuz481.jpg,1920,1080,cheques,1280,758,1818,1014
xuz482.jpg,1920,1080,cheques,1105,445,1643,701
xuz483.jpg,1920,1080,cheques,5,508,543,764
xuz484.jpg,1920,1080,cheques,782,240,1320,496
xuz485.jpg,1920,1080,cheques,1014,740,1552,996
xuz486.jpg,1920,1080,cheques,1082,56,1620,312
xuz487.jpg,1920,1080,cheques,436,31,974,287
xuz488.jpg,1920,1080,cheques,388,5,926,261
xuz489.jpg,1920,1080,cheques,276,204,814,460
xuz490.jpg,1920,1080,cheques,1030,589,1568,845
xuz491.jpg,1920,1080,cheques,636,363,1174,619
xuz492.jpg,1920,1080,cheques,265,404,803,660
xuz493.jpg,1920,1080,cheques,1340,352,1878,608
xuz494.jpg,1920,1080,cheques,634,223,1172,479
xuz495.jpg,1920,1080,cheques,1158,681,1696,937
xuz496.jpg,1920,1080,cheques,1245,140,1783,396
xuz497.jpg,1920,1080,cheques,591,435,1129,691
xuz498.jpg,1920,1080,cheques,1269,12,1807,268
xuz499.jpg,1920,1080,cheques,1097,796,1635,1052
xuz500.jpg,1920,1080,cheques,306,153,844,409
xuz501.jpg,1920,1080,cheques,753,742,1291,998
xuz502.jpg,1920,1080,cheques,1350,646,1888,902
xuz503.jpg,1920,1080,cheques,565,175,1103,431
xuz504.jpg,1920,1080,cheques,917,372,1455,628
xuz505.jpg,1920,1080,cheques,241,194,779,450
xuz506.jpg,1920,1080,cheques,927,437,1465,693
xuz507.jpg,1920,1080,cheques,339,333,877,589
xuz508.jpg,1920,1080,cheques,644,632,1182,888
xuz509.jpg,1920,1080,cheques,690,736,1228,992
xuz510.jpg,1920,1080,cheques,1356,770,1894,1026
xuz511.jpg,1920,1080,cheques,421,482,959,738
xuz512.jpg,1920,1080,cheques,1296,565,1834,821
xuz513.jpg,1920,1080,cheques,734,255,1272,511
xuz514.jpg,1920,1080,cheques,1182,820,1720,1076
xuz515.jpg,1920,1080,cheques,758,209,1296,465
xuz516.jpg,1920,1080,cheques,206,495,744,751
xuz517.jpg,1920,1080,cheques,376,616,914,872
xuz518.jpg,1920,1080,cheques,1200,65,1738,321
xuz519.jpg,1920,1080,cheques,697,746,1235,1002
xuz520.jpg,1920,1080,cheques,1151,523,1689,779
xuz521.jpg,1920,1080,cheques,546,666,1084,922
xuz522.jpg,1920,1080,cheques,341,22,879,278
xuz523.jpg,1920,1080,cheques,539,774,1076,1030
xuz524.jpg,1920,1080,cheques,405,369,943,625
xuz525.jpg,1920,1080,cheques,385,592,923,848
xuz526.jpg,1920,1080,cheques,275,789,813,1045
xuz527.jpg,1920,1080,cheques,1155,69,1693,325
xuz528.jpg,1920,1080,cheques,411,691,949,947
xuz529.jpg,1920,1080,cheques,826,755,1364,1011
xuz530.jpg,1920,1080,cheques,583,75,1121,331
xuz531.jpg,1920,1080,cheques,1069,731,1607,987
xuz532.jpg,1920,1080,cheques,523,397,1061,653
xuz533.jpg,1920,1080,cheques,719,132,1257,388
xuz534.jpg,1920,1080,cheques,681,808,1219,1064
xuz535.jpg,1920,1080,cheques,722,55,1260,311
xuz536.jpg,1920,1080,cheques,591,130,1129,386
xuz537.jpg,1920,1080,cheques,381,768,919,1024
xuz538.jpg,1920,1080,cheques,824,680,1362,936
xuz539.jpg,1920,1080,cheques,89,436,627,692
xuz540.jpg,1920,1080,cheques,312,643,850,899
xuz541.jpg,1920,1080,cheques,217,15,755,271
xuz542.jpg,1920,1080,cheques,916,404,1454,660
xuz543.jpg,1920,1080,cheques,1280,451,1818,707
xuz544.jpg,1920,1080,cheques,152,375,690,631
xuz545.jpg,1920,1080,cheques,472,769,1010,1025
xuz546.jpg,1920,1080,cheques,933,703,1471,959
xuz547.jpg,1920,1080,cheques,507,326,1045,582
xuz548.jpg,1920,1080,cheques,800,612,1338,868
xuz549.jpg,1920,1080,cheques,698,1,1236,257
xuz550.jpg,1920,1080,cheques,1176,795,1714,1051
xuz551.jpg,1920,1080,cheques,122,85,660,341
xuz552.jpg,1920,1080,cheques,965,414,1503,670
xuz553.jpg,1920,1080,cheques,991,282,1529,539
xuz554.jpg,1920,1080,cheques,211,372,749,628
xuz555.jpg,1920,1080,cheques,51,269,589,525
xuz556.jpg,1920,1080,cheques,586,643,1124,899
xuz557.jpg,1920,1080,cheques,34,103,572,359
xuz558.jpg,1920,1080,cheques,640,501,1178,757
xuz559.jpg,1920,1080,cheques,716,644,1254,900
xuz560.jpg,1920,1080,cheques,695,444,1233,700
xuz561.jpg,1920,1080,cheques,488,109,1026,365
xuz562.jpg,1920,1080,cheques,56,202,594,458
xuz563.jpg,1920,1080,cheques,336,211,874,467
xuz564.jpg,1920,1080,cheques,473,291,1011,547
xuz565.jpg,1920,1080,cheques,571,160,1109,416
xuz566.jpg,1920,1080,cheques,1186,627,1724,883
xuz567.jpg,1920,1080,cheques,308,621,846,877
xuz568.jpg,1920,1080,cheques,652,47,1190,303
xuz569.jpg,1920,1080,cheques,1121,283,1659,539
xuz570.jpg,1920,1080,cheques,273,47,811,303
xuz571.jpg,1920,1080,cheques,1031,776,1569,1032
xuz572.jpg,1920,1080,cheques,254,403,792,659
xuz573.jpg,1920,1080,cheques,661,165,1199,421
xuz574.jpg,1920,1080,cheques,429,449,967,705
xuz575.jpg,1920,1080,cheques,452,608,990,864
xuz576.jpg,1920,1080,cheques,1192,91,1730,347
xuz577.jpg,1920,1080,cheques,452,577,990,833
xuz578.jpg,1920,1080,cheques,662,490,1200,746
xuz579.jpg,1920,1080,cheques,611,75,1149,331
xuz580.jpg,1920,1080,cheques,1196,1,1734,257
xuz581.jpg,1920,1080,cheques,1310,548,1848,804
xuz582.jpg,1920,1080,cheques,928,751,1466,1007
xuz583.jpg,1920,1080,cheques,1164,403,1702,659
xuz584.jpg,1920,1080,cheques,960,526,1498,782
xuz585.jpg,1920,1080,cheques,80,672,618,928
xuz586.jpg,1920,1080,cheques,267,671,805,927
xuz587.jpg,1920,1080,cheques,1273,40,1811,296
xuz588.jpg,1920,1080,cheques,203,543,741,799
xuz589.jpg,1920,1080,cheques,944,41,1482,297
xuz590.jpg,1920,1080,cheques,1173,262,1711,518
xuz591.jpg,1920,1080,cheques,1168,140,1706,396
xuz592.jpg,1920,1080,cheques,642,433,1180,689
xuz593.jpg,1920,1080,cheques,184,4,722,260
xuz594.jpg,1920,1080,cheques,450,488,988,744
xuz595.jpg,1920,1080,cheques,1094,156,1632,412
xuz596.jpg,1920,1080,cheques,999,671,1537,927
xuz597.jpg,1920,1080,cheques,98,234,636,490
xuz598.jpg,1920,1080,cheques,891,378,1429,634
xuz599.jpg,1920,1080,cheques,261,675,799,931
xuz600.jpg,1920,1080,cheques,260,428,798,684
xuz601.jpg,1920,1080,cheques,436,285,974,541
xuz602.jpg,1920,1080,cheques,1214,221,1752,477
xuz603.jpg,1920,1080,cheques,332,140,870,396
xuz604.jpg,1920,1080,cheques,622,698,1160,954
xuz605.jpg,1920,1080,cheques,197,645,735,901
xuz606.jpg,1920,1080,cheques,269,615,807,871
xuz607.jpg,1920,1080,cheques,1032,316,1570,572
xuz608.jpg,1920,1080,cheques,574,52,1112,308
xuz609.jpg,1920,1080,cheques,827,706,1365,962
xuz610.jpg,1920,1080,cheques,627,95,1165,351
xuz611.jpg,1920,1080,cheques,1092,511,1630,767
xuz612.jpg,1920,1080,cheques,381,596,919,852
xuz613.jpg,1920,1080,cheques,180,160,718,416
xuz614.jpg,1920,1080,cheques,71,807,609,1063
xuz615.jpg,1920,1080,cheques,191,666,729,922
xuz616.jpg,1920,1080,cheques,921,764,1459,1020
xuz617.jpg,1920,1080,cheques,1072,492,1610,748
xuz618.jpg,1920,1080,cheques,32,537,570,794
xuz619.jpg,1920,1080,cheques,1069,461,1607,717
xuz620.jpg,1920,1080,cheques,587,339,1125,595
xuz621.jpg,1920,1080,cheques,478,295,1016,551
xuz622.jpg,1920,1080,cheques,1323,448,1861,704
xuz623.jpg,1920,1080,cheques,468,816,1006,1072
xuz624.jpg,1920,1080,cheques,494,262,1032,518
xuz625.jpg,1920,1080,cheques,236,349,774,605
xuz626.jpg,1920,1080,cheques,655,512,1193,768
xuz627.jpg,1920,1080,cheques,1136,603,1674,859
xuz628.jpg,1920,1080,cheques,1156,759,1694,1015
xuz629.jpg,1920,1080,cheques,801,216,1339,472
xuz630.jpg,1920,1080,cheques,736,698,1274,954
xuz631.jpg,1920,1080,cheques,889,188,1427,444
xuz632.jpg,1920,1080,cheques,467,211,1005,467
xuz633.jpg,1920,1080,cheques,897,522,1435,778
xuz634.jpg,1920,1080,cheques,1307,638,1845,894
xuz635.jpg,1920,1080,cheques,1020,564,1558,820
xuz636.jpg,1920,1080,cheques,641,806,1179,1062
xuz637.jpg,1920,1080,cheques,245,692,783,948
xuz638.jpg,1920,1080,cheques,699,130,1237,386
xuz639.jpg,1920,1080,cheques,1203,362,1741,618
xuz640.jpg,1920,1080,cheques,618,804,1156,1060
xuz641.jpg,1920,1080,cheques,431,81,969,337
xuz642.jpg,1920,1080,cheques,748,56,1286,312
xuz643.jpg,1920,1080,cheques,439,734,977,990
xuz644.jpg,1920,1080,cheques,181,363,719,619
xuz645.jpg,1920,1080,cheques,258,327,796,583
xuz646.jpg,1920,1080,cheques,696,38,1234,294
xuz647.jpg,1920,1080,cheques,1105,313,1643,569
xuz648.jpg,1920,1080,cheques,826,773,1364,1029
xuz649.jpg,1920,1080,cheques,1092,98,1630,354
xuz650.jpg,1920,1080,cheques,1321,435,1859,691
xuz651.jpg,1920,1080,cheques,700,435,1238,691
xuz652.jpg,1920,1080,cheques,354,105,892,361
xuz653.jpg,1920,1080,cheques,222,451,760,707
xuz654.jpg,1920,1080,cheques,620,813,1158,1069
xuz655.jpg,1920,1080,cheques,491,508,1029,764
xuz656.jpg,1920,1080,cheques,800,374,1338,630
xuz657.jpg,1920,1080,cheques,680,465,1218,721
xuz658.jpg,1920,1080,cheques,749,650,1287,906
xuz659.jpg,1920,1080,cheques,736,522,1274,778
xuz660.jpg,1920,1080,cheques,1299,698,1837,954
xuz661.jpg,1920,1080,cheques,316,456,854,712
xuz662.jpg,1920,1080,cheques,253,212,791,468
xuz663.jpg,1920,1080,cheques,1367,8,1905,264
xuz664.jpg,1920,1080,cheques,1162,777,1700,1033
xuz665.jpg,1920,1080,cheques,700,808,1238,1064
xuz666.jpg,1920,1080,cheques,674,639,1212,895
xuz667.jpg,1920,1080,cheques,745,169,1283,425
xuz668.jpg,1920,1080,cheques,548,451,1086,707
xuz669.jpg,1920,1080,cheques,927,702,1465,958
xuz670.jpg,1920,1080,cheques,662,381,1200,637
xuz671.jpg,1920,1080,cheques,1370,660,1908,916
xuz672.jpg,1920,1080,cheques,548,696,1086,952
xuz673.jpg,1920,1080,cheques,1268,222,1806,478
xuz674.jpg,1920,1080,cheques,427,103,965,359
xuz675.jpg,1920,1080,cheques,1055,378,1593,634
xuz676.jpg,1920,1080,cheques,336,30,874,286
xuz677.jpg,1920,1080,cheques,232,623,770,879
xuz678.jpg,1920,1080,cheques,894,290,1432,546
xuz679.jpg,1920,1080,cheques,882,367,1420,623
xuz680.jpg,1920,1080,cheques,133,775,671,1031
xuz681.jpg,1920,1080,cheques,1020,35,1558,291
xuz682.jpg,1920,1080,cheques,23,444,561,700
xuz683.jpg,1920,1080,cheques,263,46,801,302
xuz684.jpg,1920,1080,cheques,1172,229,1710,485
xuz685.jpg,1920,1080,cheques,1345,29,1883,285
xuz686.jpg,1920,1080,cheques,1193,283,1731,539
xuz687.jpg,1920,1080,cheques,244,820,782,1076
xuz688.jpg,1920,1080,cheques,317,563,855,819
xuz689.jpg,1920,1080,cheques,240,563,778,819
xuz690.jpg,1920,1080,cheques,1263,274,1801,530
xuz691.jpg,1920,1080,cheques,759,49,1297,305
xuz692.jpg,1920,1080,cheques,616,121,1154,377
xuz693.jpg,1920,1080,cheques,682,431,1220,687
xuz694.jpg,1920,1080,cheques,39,780,577,1036
xuz695.jpg,1920,1080,cheques,827,428,1365,684
xuz696.jpg,1920,1080,cheques,130,384,668,640
xuz697.jpg,1920,1080,cheques,596,732,1134,988
xuz698.jpg,1920,1080,cheques,907,109,1445,365
xuz699.jpg,1920,1080,cheques,1373,817,1911,1073
2xuz21.jpg,1920,1080,cheques,248,804,786,1060
2xuz21.jpg,1920,1080,cheques,989,81,1527,337
2xuz22.jpg,1920,1080,cheques,1278,167,1816,423
2xuz22.jpg,1920,1080,cheques,54,554,592,810
2xuz23.jpg,1920,1080,cheques,579,544,1117,800
2xuz24.jpg,1920,1080,cheques,975,75,1513,331
2xuz24.jpg,1920,1080,cheques,1312,727,1850,983
2xuz25.jpg,1920,1080,cheques,770,638,1308,894
2xuz25.jpg,1920,1080,cheques,1131,176,1669,432
2xuz26.jpg,1920,1080,cheques,1178,78,1716,334
2xuz26.jpg,1920,1080,cheques,155,55,693,311
2xuz27.jpg,1920,1080,cheques,1220,104,1758,360
2xuz27.jpg,1920,1080,cheques,623,640,1161,896
2xuz28.jpg,1920,1080,cheques,816,257,1354,513
2xuz28.jpg,1920,1080,cheques,212,61,750,317
2xuz29.jpg,1920,1080,cheques,255,426,794,682
2xuz29.jpg,1920,1080,cheques,845,636,1383,892
2xuz30.jpg,1920,1080,cheques,717,558,1255,814
2xuz30.jpg,1920,1080,cheques,949,199,1487,455
2xuz31.jpg,1920,1080,cheques,1237,638,1775,894
2xuz32.jpg,1920,1080,cheques,581,243,1119,499
2xuz32.jpg,1920,1080,cheques,6,341,544,597
2xuz33.jpg,1920,1080,cheques,466,805,1004,1061
2xuz34.jpg,1920,1080,cheques,381,350,919,606
2xuz35.jpg,1920,1080,cheques,638,316,1176,572
2xuz35.jpg,1920,1080,cheques,696,620,1234,876
2xuz36.jpg,1920,1080,cheques,739,388,1277,644
2xuz37.jpg,1920,1080,cheques,688,318,1226,574
2xuz37.jpg,1920,1080,cheques,1040,3,1578,259
2xuz38.jpg,1920,1080,cheques,1212,416,1750,672
2xuz38.jpg,1920,1080,cheques,475,369,1013,625
2xuz39.jpg,1920,1080,cheques,600,701,1138,957
2xuz40.jpg,1920,1080,cheques,456,74,994,330
2xuz40.jpg,1920,1080,cheques,938,705,1476,961
2xuz41.jpg,1920,1080,cheques,1251,245,1789,501
2xuz41.jpg,1920,1080,cheques,402,269,940,525
2xuz42.jpg,1920,1080,cheques,365,575,903,831
2xuz43.jpg,1920,1080,cheques,206,775,744,1031
2xuz43.jpg,1920,1080,cheques,608,484,1146,740
2xuz44.jpg,1920,1080,cheques,1146,584,1684,840
2xuz44.jpg,1920,1080,cheques,869,65,1407,321
2xuz45.jpg,1920,1080,cheques,114,393,652,649
2xuz45.jpg,1920,1080,cheques,384,133,922,389
2xuz46.jpg,1920,1080,cheques,183,746,721,1002
2xuz47.jpg,1920,1080,cheques,50,157,588,413
2xuz47.jpg,1920,1080,cheques,588,352,1126,608
2xuz48.jpg,1920,1080,cheques,351,358,889,614
2xuz48.jpg,1920,1080,cheques,966,206,1504,462
2xuz49.jpg,1920,1080,cheques,87,240,625,496
2xuz50.jpg,1920,1080,cheques,601,390,1139,646
2xuz51.jpg,1920,1080,cheques,381,252,919,508
2xuz51.jpg,1920,1080,cheques,1271,719,1809,975
2xuz52.jpg,1920,1080,cheques,1154,504,1692,760
2xuz52.jpg,1920,1080,cheques,1126,48,1664,304
2xuz53.jpg,1920,1080,cheques,643,368,1181,624
2xuz53.jpg,1920,1080,cheques,429,16,967,272
2xuz54.jpg,1920,1080,cheques,159,154,697,410
2xuz54.jpg,1920,1080,cheques,1093,487,1631,743
2xuz55.jpg,1920,1080,cheques,1357,176,1895,432
2xuz55.jpg,1920,1080,cheques,302,472,840,728
2xuz56.jpg,1920,1080,cheques,187,349,725,605
2xuz56.jpg,1920,1080,cheques,434,678,972,934
2xuz57.jpg,1920,1080,cheques,1139,134,1677,390
2xuz58.jpg,1920,1080,cheques,784,433,1322,689
2xuz58.jpg,1920,1080,cheques,195,422,733,678
2xuz59.jpg,1920,1080,cheques,309,581,847,837
2xuz59.jpg,1920,1080,cheques,80,100,618,356
2xuz60.jpg,1920,1080,cheques,653,238,1191,494
2xuz60.jpg,1920,1080,cheques,735,800,1273,1056
2xuz61.jpg,1920,1080,cheques,253,566,791,822
2xuz61.jpg,1920,1080,cheques,1179,629,1717,885
2xuz62.jpg,1920,1080,cheques,960,212,1498,468
2xuz62.jpg,1920,1080,cheques,653,588,1191,844
2xuz63.jpg,1920,1080,cheques,1378,770,1916,1026
2xuz64.jpg,1920,1080,cheques,877,699,1415,955
2xuz64.jpg,1920,1080,cheques,642,42,1180,298
2xuz65.jpg,1920,1080,cheques,1047,426,1585,682
2xuz65.jpg,1920,1080,cheques,157,572,695,828
2xuz66.jpg,1920,1080,cheques,736,419,1274,675
2xuz66.jpg,1920,1080,cheques,652,761,1190,1017
2xuz67.jpg,1920,1080,cheques,1279,703,1817,959
2xuz67.jpg,1920,1080,cheques,35,676,573,932
2xuz68.jpg,1920,1080,cheques,1370,371,1908,627
2xuz68.jpg,1920,1080,cheques,142,452,680,708
2xuz69.jpg,1920,1080,cheques,1210,251,1748,507
2xuz70.jpg,1920,1080,cheques,1360,144,1898,400
2xuz70.jpg,1920,1080,cheques,42,735,580,991
2xuz71.jpg,1920,1080,cheques,299,448,837,704
2xuz71.jpg,1920,1080,cheques,363,70,901,326
2xuz72.jpg,1920,1080,cheques,373,517,911,773
2xuz72.jpg,1920,1080,cheques,1202,432,1740,688
2xuz73.jpg,1920,1080,cheques,539,819,1077,1075
2xuz73.jpg,1920,1080,cheques,553,290,1091,546
2xuz74.jpg,1920,1080,cheques,67,759,605,1015
2xuz75.jpg,1920,1080,cheques,587,31,1125,287
2xuz75.jpg,1920,1080,cheques,822,774,1360,1030
2xuz76.jpg,1920,1080,cheques,1338,135,1876,391
2xuz77.jpg,1920,1080,cheques,51,518,589,774
2xuz77.jpg,1920,1080,cheques,773,806,1311,1062
2xuz78.jpg,1920,1080,cheques,1021,68,1559,324
2xuz78.jpg,1920,1080,cheques,510,790,1048,1046
2xuz79.jpg,1920,1080,cheques,1212,80,1750,336
2xuz80.jpg,1920,1080,cheques,444,594,982,850
2xuz80.jpg,1920,1080,cheques,645,319,1183,575
2xuz81.jpg,1920,1080,cheques,881,487,1419,743
2xuz82.jpg,1920,1080,cheques,350,624,888,880
2xuz83.jpg,1920,1080,cheques,467,78,1005,334
2xuz83.jpg,1920,1080,cheques,1033,464,1571,720
2xuz84.jpg,1920,1080,cheques,928,617,1466,873
2xuz84.jpg,1920,1080,cheques,243,642,781,898
2xuz85.jpg,1920,1080,cheques,627,730,1165,986
2xuz86.jpg,1920,1080,cheques,170,332,708,588
2xuz87.jpg,1920,1080,cheques,8,492,546,748
2xuz88.jpg,1920,1080,cheques,293,177,831,433
2xuz89.jpg,1920,1080,cheques,839,561,1377,817
2xuz89.jpg,1920,1080,cheques,934,136,1472,392
2xuz90.jpg,1920,1080,cheques,1354,683,1892,939
2xuz90.jpg,1920,1080,cheques,665,317,1203,573
2xuz91.jpg,1920,1080,cheques,358,663,896,919
2xuz91.jpg,1920,1080,cheques,410,38,948,294
2xuz92.jpg,1920,1080,cheques,1212,730,1750,986
2xuz92.jpg,1920,1080,cheques,448,737,986,993
2xuz93.jpg,1920,1080,cheques,50,71,588,327
2xuz93.jpg,1920,1080,cheques,1149,695,1687,951
2xuz94.jpg,1920,1080,cheques,333,236,871,492
2xuz94.jpg,1920,1080,cheques,1065,130,1603,386
2xuz95.jpg,1920,1080,cheques,1208,34,1746,290
2xuz95.jpg,1920,1080,cheques,769,590,1307,846
2xuz96.jpg,1920,1080,cheques,214,535,752,791
2xuz96.jpg,1920,1080,cheques,423,31,961,287
2xuz97.jpg,1920,1080,cheques,476,550,1014,806
2xuz97.jpg,1920,1080,cheques,695,189,1233,445
2xuz98.jpg,1920,1080,cheques,948,160,1486,416
2xuz98.jpg,1920,1080,cheques,342,625,880,881
2xuz99.jpg,1920,1080,cheques,621,766,1159,1022
2xuz99.jpg,1920,1080,cheques,1376,178,1914,434
2xuz100.jpg,1920,1080,cheques,338,566,876,822
2xuz100.jpg,1920,1080,cheques,1300,761,1838,1017
2xuz101.jpg,1920,1080,cheques,745,372,1283,628
2xuz101.jpg,1920,1080,cheques,1152,765,1690,1021
2xuz102.jpg,1920,1080,cheques,60,580,598,836
2xuz102.jpg,1920,1080,cheques,1369,597,1907,853
2xuz103.jpg,1920,1080,cheques,1221,8,1759,264
2xuz103.jpg,1920,1080,cheques,360,173,898,429
2xuz104.jpg,1920,1080,cheques,451,657,989,913
2xuz104.jpg,1920,1080,cheques,1116,332,1654,588
2xuz105.jpg,1920,1080,cheques,1378,128,1916,384
2xuz106.jpg,1920,1080,cheques,35,143,573,399
2xuz106.jpg,1920,1080,cheques,1177,263,1715,519
2xuz107.jpg,1920,1080,cheques,1337,214,1875,470
2xuz107.jpg,1920,1080,cheques,29,269,567,525
2xuz108.jpg,1920,1080,cheques,374,56,912,312
2xuz108.jpg,1920,1080,cheques,1118,663,1656,919
2xuz109.jpg,1920,1080,cheques,433,695,971,951
2xuz109.jpg,1920,1080,cheques,430,241,968,497
2xuz110.jpg,1920,1080,cheques,181,533,719,789
2xuz110.jpg,1920,1080,cheques,1211,179,1749,435
2xuz111.jpg,1920,1080,cheques,616,301,1154,557
2xuz111.jpg,1920,1080,cheques,346,773,884,1029
2xuz112.jpg,1920,1080,cheques,292,219,830,475
2xuz112.jpg,1920,1080,cheques,963,810,1501,1066
2xuz113.jpg,1920,1080,cheques,56,822,594,1078
2xuz114.jpg,1920,1080,cheques,1300,28,1838,284
2xuz114.jpg,1920,1080,cheques,977,417,1515,673
2xuz115.jpg,1920,1080,cheques,782,22,1320,278
2xuz115.jpg,1920,1080,cheques,1087,661,1625,917
2xuz116.jpg,1920,1080,cheques,1070,312,1608,568
2xuz117.jpg,1920,1080,cheques,1340,258,1878,514
2xuz117.jpg,1920,1080,cheques,617,336,1155,592
2xuz118.jpg,1920,1080,cheques,1088,520,1626,776
2xuz118.jpg,1920,1080,cheques,733,96,1271,352
2xuz119.jpg,1920,1080,cheques,656,173,1194,429
2xuz120.jpg,1920,1080,cheques,692,154,1230,410
2xuz121.jpg,1920,1080,cheques,499,790,1037,1046
2xuz122.jpg,1920,1080,cheques,315,404,853,660
2xuz122.jpg,1920,1080,cheques,1339,561,1877,817
2xuz123.jpg,1920,1080,cheques,729,217,1267,473
2xuz124.jpg,1920,1080,cheques,251,197,789,453
2xuz125.jpg,1920,1080,cheques,1204,401,1742,657
2xuz126.jpg,1920,1080,cheques,30,784,568,1040
2xuz126.jpg,1920,1080,cheques,731,668,1269,924
2xuz127.jpg,1920,1080,cheques,48,419,586,675
2xuz128.jpg,1920,1080,cheques,1034,636,1572,892
2xuz128.jpg,1920,1080,cheques,242,542,780,798
2xuz129.jpg,1920,1080,cheques,924,385,1462,641
2xuz130.jpg,1920,1080,cheques,466,368,1004,624
2xuz130.jpg,1920,1080,cheques,273,681,811,937
2xuz131.jpg,1920,1080,cheques,861,251,1399,507
2xuz131.jpg,1920,1080,cheques,682,658,1220,914
2xuz132.jpg,1920,1080,cheques,869,586,1407,842
2xuz132.jpg,1920,1080,cheques,618,209,1156,465
2xuz133.jpg,1920,1080,cheques,782,555,1320,811
2xuz134.jpg,1920,1080,cheques,744,453,1282,709
2xuz134.jpg,1920,1080,cheques,1255,818,1793,1074
2xuz135.jpg,1920,1080,cheques,1052,300,1590,556
2xuz136.jpg,1920,1080,cheques,550,28,1088,284
2xuz136.jpg,1920,1080,cheques,660,323,1198,579
2xuz137.jpg,1920,1080,cheques,1045,249,1583,505
2xuz138.jpg,1920,1080,cheques,802,16,1340,272
2xuz138.jpg,1920,1080,cheques,1331,461,1869,717
2xuz139.jpg,1920,1080,cheques,245,671,783,927
2xuz139.jpg,1920,1080,cheques,1212,780,1750,1036
2xuz140.jpg,1920,1080,cheques,249,472,787,728
2xuz141.jpg,1920,1080,cheques,295,244,833,500
2xuz141.jpg,1920,1080,cheques,1097,512,1635,768
2xuz142.jpg,1920,1080,cheques,1257,42,1795,298
2xuz142.jpg,1920,1080,cheques,362,607,900,863
2xuz143.jpg,1920,1080,cheques,895,411,1433,667
2xuz144.jpg,1920,1080,cheques,693,50,1231,306
2xuz144.jpg,1920,1080,cheques,121,46,659,302
2xuz145.jpg,1920,1080,cheques,540,358,1078,614
2xuz145.jpg,1920,1080,cheques,924,810,1462,1066
2xuz146.jpg,1920,1080,cheques,211,30,749,286
2xuz146.jpg,1920,1080,cheques,1262,376,1800,632
2xuz147.jpg,1920,1080,cheques,310,318,848,574
2xuz147.jpg,1920,1080,cheques,1299,723,1837,979
2xuz148.jpg,1920,1080,cheques,1377,623,1915,879
2xuz148.jpg,1920,1080,cheques,325,762,863,1018
2xuz149.jpg,1920,1080,cheques,120,743,658,999
2xuz149.jpg,1920,1080,cheques,236,343,774,599
2xuz150.jpg,1920,1080,cheques,326,26,864,282
2xuz150.jpg,1920,1080,cheques,67,477,605,733
2xuz151.jpg,1920,1080,cheques,287,478,825,734
2xuz152.jpg,1920,1080,cheques,777,16,1315,272
2xuz152.jpg,1920,1080,cheques,37,473,575,729
2xuz153.jpg,1920,1080,cheques,1020,97,1558,353
2xuz153.jpg,1920,1080,cheques,5,68,543,324
2xuz154.jpg,1920,1080,cheques,890,243,1428,499
2xuz155.jpg,1920,1080,cheques,709,475,1247,731
2xuz155.jpg,1920,1080,cheques,1145,121,1683,377
2xuz156.jpg,1920,1080,cheques,453,126,991,382
2xuz156.jpg,1920,1080,cheques,964,712,1502,968
2xuz157.jpg,1920,1080,cheques,875,337,1413,593
2xuz158.jpg,1920,1080,cheques,1194,321,1732,577
2xuz158.jpg,1920,1080,cheques,262,368,800,624
2xuz159.jpg,1920,1080,cheques,269,479,807,735
2xuz159.jpg,1920,1080,cheques,1294,547,1832,803
2xuz160.jpg,1920,1080,cheques,199,50,737,306
2xuz160.jpg,1920,1080,cheques,1178,432,1716,688
2xuz161.jpg,1920,1080,cheques,499,824,1037,1080
2xuz162.jpg,1920,1080,cheques,1091,661,1629,917
2xuz162.jpg,1920,1080,cheques,279,494,817,750
2xuz163.jpg,1920,1080,cheques,1314,625,1852,881
2xuz163.jpg,1920,1080,cheques,53,595,591,851
2xuz164.jpg,1920,1080,cheques,66,342,604,598
2xuz164.jpg,1920,1080,cheques,724,261,1262,517
2xuz165.jpg,1920,1080,cheques,90,180,628,436
2xuz166.jpg,1920,1080,cheques,891,661,1429,917
2xuz166.jpg,1920,1080,cheques,1120,76,1658,332
2xuz167.jpg,1920,1080,cheques,620,301,1158,557
2xuz168.jpg,1920,1080,cheques,1244,330,1782,586
2xuz168.jpg,1920,1080,cheques,522,16,1060,272
2xuz169.jpg,1920,1080,cheques,1128,393,1666,649
2xuz170.jpg,1920,1080,cheques,14,796,552,1052
2xuz170.jpg,1920,1080,cheques,103,200,641,456
2xuz171.jpg,1920,1080,cheques,82,316,620,572
2xuz171.jpg,1920,1080,cheques,1077,405,1615,661
2xuz172.jpg,1920,1080,cheques,737,562,1275,818
2xuz172.jpg,1920,1080,cheques,1349,706,1887,962
2xuz173.jpg,1920,1080,cheques,456,302,994,558
2xuz173.jpg,1920,1080,cheques,421,806,959,1062
2xuz174.jpg,1920,1080,cheques,279,776,817,1032
2xuz174.jpg,1920,1080,cheques,599,93,1137,349
2xuz175.jpg,1920,1080,cheques,1316,271,1854,527
2xuz175.jpg,1920,1080,cheques,467,539,1005,794
2xuz176.jpg,1920,1080,cheques,1108,253,1646,509
2xuz176.jpg,1920,1080,cheques,432,103,970,359
2xuz177.jpg,1920,1080,cheques,859,687,1397,943
2xuz178.jpg,1920,1080,cheques,102,502,640,758
2xuz179.jpg,1920,1080,cheques,914,41,1452,297
2xuz180.jpg,1920,1080,cheques,1065,444,1603,700
2xuz180.jpg,1920,1080,cheques,791,796,1329,1052
2xuz181.jpg,1920,1080,cheques,1236,576,1774,832
2xuz181.jpg,1920,1080,cheques,0,351,537,607
2xuz182.jpg,1920,1080,cheques,1006,145,1544,401
2xuz182.jpg,1920,1080,cheques,919,600,1457,856
2xuz183.jpg,1920,1080,cheques,1346,222,1884,478
2xuz183.jpg,1920,1080,cheques,456,304,994,560
2xuz184.jpg,1920,1080,cheques,1261,738,1799,994
2xuz185.jpg,1920,1080,cheques,1018,691,1556,947
2xuz185.jpg,1920,1080,cheques,1283,76,1821,332
2xuz186.jpg,1920,1080,cheques,483,393,1021,649
2xuz186.jpg,1920,1080,cheques,1189,795,1727,1051
2xuz187.jpg,1920,1080,cheques,289,396,827,652
2xuz187.jpg,1920,1080,cheques,395,703,933,959
2xuz188.jpg,1920,1080,cheques,313,199,851,455
2xuz189.jpg,1920,1080,cheques,843,472,1381,728
2xuz189.jpg,1920,1080,cheques,155,530,693,786
2xuz190.jpg,1920,1080,cheques,95,698,633,954
2xuz190.jpg,1920,1080,cheques,660,694,1198,950
2xuz191.jpg,1920,1080,cheques,1151,600,1689,856
2xuz192.jpg,1920,1080,cheques,128,462,666,718
2xuz192.jpg,1920,1080,cheques,785,499,1323,755
2xuz193.jpg,1920,1080,cheques,735,810,1273,1066
2xuz194.jpg,1920,1080,cheques,729,15,1267,271
2xuz195.jpg,1920,1080,cheques,752,10,1290,266
2xuz195.jpg,1920,1080,cheques,101,816,639,1072
2xuz196.jpg,1920,1080,cheques,446,767,984,1023
2xuz196.jpg,1920,1080,cheques,340,89,878,345
2xuz197.jpg,1920,1080,cheques,143,54,681,310
2xuz197.jpg,1920,1080,cheques,128,635,666,891
2xuz198.jpg,1920,1080,cheques,638,72,1176,328
2xuz198.jpg,1920,1080,cheques,1083,561,1621,817
2xuz199.jpg,1920,1080,cheques,523,78,1061,334
2xuz199.jpg,1920,1080,cheques,623,603,1161,859
2xuz200.jpg,1920,1080,cheques,1067,670,1605,926
2xuz200.jpg,1920,1080,cheques,795,249,1333,505
2xuz201.jpg,1920,1080,cheques,125,409,663,665
2xuz201.jpg,1920,1080,cheques,105,750,643,1006
2xuz202.jpg,1920,1080,cheques,1137,85,1675,341
2xuz202.jpg,1920,1080,cheques,303,777,841,1033
2xuz203.jpg,1920,1080,cheques,509,347,1047,603
2xuz204.jpg,1920,1080,cheques,1176,64,1714,320
2xuz204.jpg,1920,1080,cheques,1352,652,1890,908
2xuz205.jpg,1920,1080,cheques,84,215,622,471
2xuz205.jpg,1920,1080,cheques,814,159,1352,415
2xuz206.jpg,1920,1080,cheques,255,182,794,438
2xuz206.jpg,1920,1080,cheques,1160,574,1698,830
2xuz207.jpg,1920,1080,cheques,909,579,1447,835
2xuz208.jpg,1920,1080,cheques,1366,349,1904,605
2xuz208.jpg,1920,1080,cheques,533,442,1071,698
2xuz209.jpg,1920,1080,cheques,867,198,1405,454
2xuz209.jpg,1920,1080,cheques,823,727,1361,983
2xuz210.jpg,1920,1080,cheques,453,671,991,927
2xuz211.jpg,1920,1080,cheques,1037,277,1575,533
2xuz212.jpg,1920,1080,cheques,368,81,906,337
2xuz212.jpg,1920,1080,cheques,956,121,1494,377
2xuz213.jpg,1920,1080,cheques,28,464,566,720
2xuz213.jpg,1920,1080,cheques,981,824,1519,1080
2xuz214.jpg,1920,1080,cheques,333,595,871,851
2xuz214.jpg,1920,1080,cheques,1101,375,1639,631
2xuz215.jpg,1920,1080,cheques,368,186,906,442
2xuz215.jpg,1920,1080,cheques,1285,138,1823,394
2xuz216.jpg,1920,1080,cheques,650,762,1188,1018
2xuz216.jpg,1920,1080,cheques,628,208,1166,464
2xuz217.jpg,1920,1080,cheques,415,557,953,813
2xuz218.jpg,1920,1080,cheques,1166,611,1704,867
2xuz218.jpg,1920,1080,cheques,861,176,1399,432
2xuz219.jpg,1920,1080,cheques,509,148,1047,404
2xuz219.jpg,1920,1080,cheques,1093,815,1631,1071
2xuz220.jpg,1920,1080,cheques,448,381,986,637
2xuz221.jpg,1920,1080,cheques,796,526,1334,782
2xuz221.jpg,1920,1080,cheques,736,821,1274,1077
2xuz222.jpg,1920,1080,cheques,800,619,1338,875
2xuz222.jpg,1920,1080,cheques,759,32,1297,288
2xuz223.jpg,1920,1080,cheques,1244,430,1782,686
2xuz223.jpg,1920,1080,cheques,1194,128,1732,384
2xuz224.jpg,1920,1080,cheques,19,513,557,769
2xuz225.jpg,1920,1080,cheques,573,227,1111,483
2xuz226.jpg,1920,1080,cheques,4,435,542,691
2xuz226.jpg,1920,1080,cheques,910,798,1448,1054
2xuz227.jpg,1920,1080,cheques,1160,376,1698,632
2xuz227.jpg,1920,1080,cheques,124,301,662,557
2xuz228.jpg,1920,1080,cheques,1236,166,1774,422
2xuz228.jpg,1920,1080,cheques,636,748,1174,1004
2xuz229.jpg,1920,1080,cheques,1270,678,1808,934
2xuz230.jpg,1920,1080,cheques,269,11,807,267
2xuz230.jpg,1920,1080,cheques,1372,155,1910,411
2xuz231.jpg,1920,1080,cheques,1058,602,1596,858
2xuz231.jpg,1920,1080,cheques,133,818,671,1074
2xuz232.jpg,1920,1080,cheques,72,73,610,329
2xuz232.jpg,1920,1080,cheques,1100,6,1638,262
2xuz233.jpg,1920,1080,cheques,434,559,972,815
2xuz233.jpg,1920,1080,cheques,513,110,1051,366
2xuz234.jpg,1920,1080,cheques,1082,321,1620,577
2xuz234.jpg,1920,1080,cheques,13,551,551,807
2xuz235.jpg,1920,1080,cheques,185,355,723,611
2xuz236.jpg,1920,1080,cheques,432,637,970,893
2xuz237.jpg,1920,1080,cheques,559,532,1097,788
2xuz237.jpg,1920,1080,cheques,1177,427,1715,683
2xuz238.jpg,1920,1080,cheques,1031,601,1569,857
2xuz239.jpg,1920,1080,cheques,265,520,803,776
2xuz239.jpg,1920,1080,cheques,1279,573,1817,829
2xuz240.jpg,1920,1080,cheques,325,374,863,630
2xuz240.jpg,1920,1080,cheques,1176,610,1714,866
2xuz241.jpg,1920,1080,cheques,517,12,1055,268
2xuz242.jpg,1920,1080,cheques,757,661,1295,917
2xuz242.jpg,1920,1080,cheques,677,225,1215,481
2xuz243.jpg,1920,1080,cheques,776,516,1314,772
2xuz243.jpg,1920,1080,cheques,51,48,589,304
2xuz244.jpg,1920,1080,cheques,472,506,1010,762
2xuz245.jpg,1920,1080,cheques,405,185,943,441
2xuz245.jpg,1920,1080,cheques,1265,30,1803,286
2xuz246.jpg,1920,1080,cheques,50,51,588,307
2xuz246.jpg,1920,1080,cheques,217,537,755,794
2xuz247.jpg,1920,1080,cheques,978,76,1516,332
2xuz247.jpg,1920,1080,cheques,393,820,931,1076
2xuz248.jpg,1920,1080,cheques,925,663,1463,919
2xuz248.jpg,1920,1080,cheques,403,319,941,575
2xuz249.jpg,1920,1080,cheques,706,727,1244,983
2xuz249.jpg,1920,1080,cheques,1250,269,1788,525
2xuz250.jpg,1920,1080,cheques,1104,2,1642,258
2xuz250.jpg,1920,1080,cheques,408,498,946,754
2xuz251.jpg,1920,1080,cheques,1066,607,1604,863
2xuz252.jpg,1920,1080,cheques,1367,681,1905,937
2xuz252.jpg,1920,1080,cheques,209,260,747,516
2xuz253.jpg,1920,1080,cheques,682,671,1220,927
2xuz254.jpg,1920,1080,cheques,1272,291,1810,547
2xuz254.jpg,1920,1080,cheques,128,259,666,515
2xuz255.jpg,1920,1080,cheques,483,494,1021,750
2xuz255.jpg,1920,1080,cheques,1086,536,1624,792
2xuz256.jpg,1920,1080,cheques,1142,623,1680,879
2xuz257.jpg,1920,1080,cheques,929,628,1467,884
2xuz258.jpg,1920,1080,cheques,1312,781,1850,1037
2xuz258.jpg,1920,1080,cheques,1234,350,1772,606
2xuz259.jpg,1920,1080,cheques,1105,818,1643,1074
2xuz260.jpg,1920,1080,cheques,260,553,798,809
2xuz261.jpg,1920,1080,cheques,487,740,1025,996
2xuz262.jpg,1920,1080,cheques,1364,444,1902,700
2xuz262.jpg,1920,1080,cheques,408,397,946,653
2xuz263.jpg,1920,1080,cheques,795,300,1333,556
2xuz263.jpg,1920,1080,cheques,777,786,1315,1042
2xuz264.jpg,1920,1080,cheques,189,110,727,366
2xuz264.jpg,1920,1080,cheques,1086,151,1624,407
2xuz265.jpg,1920,1080,cheques,419,373,957,629
2xuz266.jpg,1920,1080,cheques,802,501,1340,757
2xuz267.jpg,1920,1080,cheques,726,773,1264,1029
2xuz267.jpg,1920,1080,cheques,1282,295,1820,551
2xuz268.jpg,1920,1080,cheques,527,323,1065,579
2xuz268.jpg,1920,1080,cheques,1330,421,1868,677
2xuz269.jpg,1920,1080,cheques,255,129,794,385
2xuz270.jpg,1920,1080,cheques,877,738,1415,994
2xuz271.jpg,1920,1080,cheques,289,452,827,708
2xuz272.jpg,1920,1080,cheques,1096,568,1634,824
2xuz272.jpg,1920,1080,cheques,396,479,934,735
2xuz273.jpg,1920,1080,cheques,1362,317,1900,573
2xuz273.jpg,1920,1080,cheques,594,303,1132,559
2xuz274.jpg,1920,1080,cheques,961,511,1499,767
2xuz274.jpg,1920,1080,cheques,234,741,772,997
2xuz275.jpg,1920,1080,cheques,288,168,826,424
2xuz275.jpg,1920,1080,cheques,1348,813,1886,1069
2xuz276.jpg,1920,1080,cheques,1373,539,1911,795
2xuz276.jpg,1920,1080,cheques,1049,798,1587,1054
2xuz277.jpg,1920,1080,cheques,838,468,1376,724
2xuz278.jpg,1920,1080,cheques,372,806,910,1062
2xuz278.jpg,1920,1080,cheques,1239,422,1777,678
2xuz279.jpg,1920,1080,cheques,1376,333,1914,589
2xuz279.jpg,1920,1080,cheques,398,756,936,1012
2xuz280.jpg,1920,1080,cheques,803,554,1341,810
2xuz281.jpg,1920,1080,cheques,739,796,1277,1052
2xuz281.jpg,1920,1080,cheques,247,410,785,666
2xuz282.jpg,1920,1080,cheques,385,307,923,563
2xuz283.jpg,1920,1080,cheques,1379,98,1917,354
2xuz284.jpg,1920,1080,cheques,285,414,823,670
2xuz284.jpg,1920,1080,cheques,579,19,1117,275
2xuz285.jpg,1920,1080,cheques,486,63,1024,319
2xuz285.jpg,1920,1080,cheques,315,375,853,631
2xuz286.jpg,1920,1080,cheques,321,739,859,995
2xuz287.jpg,1920,1080,cheques,21,431,559,687
2xuz287.jpg,1920,1080,cheques,975,483,1513,739
2xuz288.jpg,1920,1080,cheques,454,798,992,1054
2xuz289.jpg,1920,1080,cheques,564,784,1102,1040
2xuz290.jpg,1920,1080,cheques,964,10,1502,266
2xuz290.jpg,1920,1080,cheques,954,529,1492,785
2xuz291.jpg,1920,1080,cheques,348,461,886,717
2xuz292.jpg,1920,1080,cheques,1262,759,1800,1015
2xuz292.jpg,1920,1080,cheques,1330,140,1868,396
2xuz293.jpg,1920,1080,cheques,1062,50,1600,306
2xuz294.jpg,1920,1080,cheques,1164,105,1702,361
2xuz295.jpg,1920,1080,cheques,89,674,627,930
2xuz296.jpg,1920,1080,cheques,167,519,705,775
2xuz296.jpg,1920,1080,cheques,1366,385,1904,641
2xuz297.jpg,1920,1080,cheques,825,226,1363,482
2xuz298.jpg,1920,1080,cheques,525,818,1063,1074
2xuz298.jpg,1920,1080,cheques,388,295,926,551
2xuz299.jpg,1920,1080,cheques,141,34,679,290
2xuz299.jpg,1920,1080,cheques,932,489,1470,745
3xuz36.jpg,1920,1080,cheques,1222,596,1771,853
3xuz22.jpg,1920,1080,cheques,306,246,845,499
3xuz22.jpg,1920,1080,cheques,1093,393,1636,648
3xuz23.jpg,1920,1080,cheques,407,79,943,335
3xuz23.jpg,1920,1080,cheques,456,702,993,953
3xuz37.jpg,1920,1080,cheques,365,259,903,514
3xuz37.jpg,1920,1080,cheques,406,659,947,920
3xuz37.jpg,1920,1080,cheques,1281,4,1821,264
3xuz21.jpg,1920,1080,cheques,1028,61,1565,316
3xuz21.jpg,1920,1080,cheques,456,403,995,661
3xuz21.jpg,1920,1080,cheques,1195,431,1732,692
3xuz35.jpg,1920,1080,cheques,503,91,1045,345
3xuz35.jpg,1920,1080,cheques,690,377,1234,629
3xuz35.jpg,1920,1080,cheques,1345,529,1881,782
3xuz34.jpg,1920,1080,cheques,374,209,913,459
3xuz34.jpg,1920,1080,cheques,410,468,946,725
3xuz34.jpg,1920,1080,cheques,1109,717,1645,974
3xuz20.jpg,1920,1080,cheques,1234,13,1774,268
3xuz20.jpg,1920,1080,cheques,631,248,1175,503
3xuz20.jpg,1920,1080,cheques,928,767,1457,1017
3xuz18.jpg,1920,1080,cheques,497,49,1036,303
3xuz18.jpg,1920,1080,cheques,257,706,793,959
3xuz18.jpg,1920,1080,cheques,1292,303,1832,557
3xuz24.jpg,1920,1080,cheques,307,149,846,410
3xuz24.jpg,1920,1080,cheques,331,816,868,1071
3xuz30.jpg,1920,1080,cheques,132,306,675,561
3xuz30.jpg,1920,1080,cheques,1136,60,1671,320
3xuz30.jpg,1920,1080,cheques,586,711,1125,968
3xuz31.jpg,1920,1080,cheques,786,302,1321,552
3xuz25.jpg,1920,1080,cheques,531,45,1075,288
3xuz25.jpg,1920,1080,cheques,754,493,1289,731
3xuz25.jpg,1920,1080,cheques,925,760,1464,1007
3xuz19.jpg,1920,1080,cheques,1181,617,1718,870
3xuz33.jpg,1920,1080,cheques,513,124,1054,385
3xuz33.jpg,1920,1080,cheques,324,507,867,761
3xuz33.jpg,1920,1080,cheques,167,788,710,1045
3xuz27.jpg,1920,1080,cheques,447,177,985,428
3xuz27.jpg,1920,1080,cheques,213,479,750,735
3xuz27.jpg,1920,1080,cheques,1163,454,1697,711
3xuz26.jpg,1920,1080,cheques,614,113,1157,368
3xuz26.jpg,1920,1080,cheques,1285,71,1828,324
3xuz26.jpg,1920,1080,cheques,602,432,1142,692
3xuz32.jpg,1920,1080,cheques,306,791,846,1046
3xuz32.jpg,1920,1080,cheques,1052,300,1589,554
3xuz32.jpg,1920,1080,cheques,1243,16,1786,270
3xuz55.jpg,1920,1080,cheques,115,482,654,738
3xuz55.jpg,1920,1080,cheques,864,511,1402,767
3xuz41.jpg,1920,1080,cheques,418,149,959,402
3xuz69.jpg,1920,1080,cheques,3,170,539,424
3xuz69.jpg,1920,1080,cheques,746,728,1285,991
3xuz96.jpg,1920,1080,cheques,693,534,1229,789
3xuz82.jpg,1920,1080,cheques,332,388,870,646
3xuz82.jpg,1920,1080,cheques,1368,702,1906,963
3xuz83.jpg,1920,1080,cheques,52,67,590,328
3xuz83.jpg,1920,1080,cheques,1143,328,1684,584
3xuz83.jpg,1920,1080,cheques,1314,595,1852,846
3xuz97.jpg,1920,1080,cheques,511,704,1054,963
3xuz97.jpg,1920,1080,cheques,1254,149,1793,407
3xuz68.jpg,1920,1080,cheques,189,295,722,553
3xuz68.jpg,1920,1080,cheques,1160,254,1699,514
3xuz40.jpg,1920,1080,cheques,728,557,1267,811
3xuz40.jpg,1920,1080,cheques,1297,631,1835,891
3xuz54.jpg,1920,1080,cheques,789,416,1332,671
3xuz54.jpg,1920,1080,cheques,1184,685,1722,938
3xuz42.jpg,1920,1080,cheques,588,539,1129,798
3xuz56.jpg,1920,1080,cheques,325,474,865,736
3xuz56.jpg,1920,1080,cheques,950,185,1489,431
3xuz81.jpg,1920,1080,cheques,235,25,774,277
3xuz81.jpg,1920,1080,cheques,709,781,1246,1048
3xuz95.jpg,1920,1080,cheques,332,416,867,670
3xuz95.jpg,1920,1080,cheques,53,742,597,1000
3xuz95.jpg,1920,1080,cheques,1165,100,1706,357
3xuz94.jpg,1920,1080,cheques,288,491,831,748
3xuz94.jpg,1920,1080,cheques,1096,357,1634,621
3xuz94.jpg,1920,1080,cheques,686,746,1222,1000
3xuz80.jpg,1920,1080,cheques,3,411,540,668
3xuz80.jpg,1920,1080,cheques,1161,379,1697,635
3xuz80.jpg,1920,1080,cheques,1085,10,1622,267
3xuz57.jpg,1920,1080,cheques,1206,42,1746,292
3xuz57.jpg,1920,1080,cheques,1090,525,1628,782
3xuz57.jpg,1920,1080,cheques,1002,803,1542,1056
3xuz43.jpg,1920,1080,cheques,192,573,809,831
3xuz43.jpg,1920,1080,cheques,959,4,1497,257
3xuz47.jpg,1920,1080,cheques,557,160,1093,420
3xuz47.jpg,1920,1080,cheques,670,725,1207,975
3xuz53.jpg,1920,1080,cheques,602,510,1140,764
3xuz53.jpg,1920,1080,cheques,1357,593,1900,850
3xuz53.jpg,1920,1080,cheques,447,777,992,1031
3xuz84.jpg,1920,1080,cheques,635,557,1175,810
3xuz84.jpg,1920,1080,cheques,492,807,1036,1064
3xuz84.jpg,1920,1080,cheques,1329,34,1867,284
3xuz90.jpg,1920,1080,cheques,178,193,722,446
3xuz90.jpg,1920,1080,cheques,579,749,1114,1003
3xuz91.jpg,1920,1080,cheques,397,348,932,600
3xuz91.jpg,1920,1080,cheques,842,709,1377,961
3xuz85.jpg,1920,1080,cheques,504,435,1043,693
3xuz85.jpg,1920,1080,cheques,993,739,1535,1000
3xuz85.jpg,1920,1080,cheques,1038,74,1577,331
3xuz52.jpg,1920,1080,cheques,520,586,1060,842
3xuz46.jpg,1920,1080,cheques,1021,264,1557,518
3xuz46.jpg,1920,1080,cheques,1218,560,1756,825
3xuz78.jpg,1920,1080,cheques,238,298,779,556
3xuz78.jpg,1920,1080,cheques,804,275,1343,538
3xuz50.jpg,1920,1080,cheques,147,468,688,718
3xuz50.jpg,1920,1080,cheques,775,77,1313,329
3xuz50.jpg,1920,1080,cheques,913,492,1454,746
3xuz44.jpg,1920,1080,cheques,697,639,1232,895
3xuz44.jpg,1920,1080,cheques,467,400,1006,639
3xuz93.jpg,1920,1080,cheques,542,331,1084,589
3xuz93.jpg,1920,1080,cheques,711,782,1252,1038
3xuz87.jpg,1920,1080,cheques,138,407,675,663
3xuz87.jpg,1920,1080,cheques,931,141,1470,398
3xuz87.jpg,1920,1080,cheques,1140,703,1677,960
3xuz86.jpg,1920,1080,cheques,104,46,645,306
3xuz86.jpg,1920,1080,cheques,774,564,1313,821
3xuz92.jpg,1920,1080,cheques,1135,279,1670,534
3xuz92.jpg,1920,1080,cheques,874,716,1409,970
3xuz45.jpg,1920,1080,cheques,46,211,585,470
3xuz45.jpg,1920,1080,cheques,1125,179,1661,435
3xuz45.jpg,1920,1080,cheques,310,509,846,764
3xuz51.jpg,1920,1080,cheques,334,388,875,643
3xuz51.jpg,1920,1080,cheques,1200,302,1740,567
3xuz79.jpg,1920,1080,cheques,827,421,1368,675
3xuz79.jpg,1920,1080,cheques,1090,759,1631,1014
3xuz74.jpg,1920,1080,cheques,1056,688,1596,945
3xuz74.jpg,1920,1080,cheques,840,438,1385,684
3xuz60.jpg,1920,1080,cheques,782,595,1321,852
3xuz48.jpg,1920,1080,cheques,532,148,1074,400
3xuz48.jpg,1920,1080,cheques,996,500,1536,757
3xuz48.jpg,1920,1080,cheques,834,823,1377,1080
3xuz49.jpg,1920,1080,cheques,674,388,1214,649
3xuz61.jpg,1920,1080,cheques,1082,216,1627,470
3xuz61.jpg,1920,1080,cheques,1264,784,1804,1043
3xuz75.jpg,1920,1080,cheques,670,291,1211,545
3xuz75.jpg,1920,1080,cheques,43,679,582,939
3xuz63.jpg,1920,1080,cheques,122,779,663,1039
3xuz63.jpg,1920,1080,cheques,163,407,696,661
3xuz77.jpg,1920,1080,cheques,396,189,936,446
3xuz77.jpg,1920,1080,cheques,459,481,996,739
3xuz88.jpg,1920,1080,cheques,617,389,1156,646
3xuz88.jpg,1920,1080,cheques,1264,175,1799,423
3xuz88.jpg,1920,1080,cheques,1263,428,1802,670
3xuz89.jpg,1920,1080,cheques,35,425,572,675
3xuz89.jpg,1920,1080,cheques,1106,484,1643,724
3xuz76.jpg,1920,1080,cheques,778,361,1311,616
3xuz62.jpg,1920,1080,cheques,793,268,1334,525
3xuz62.jpg,1920,1080,cheques,1029,638,1568,898
3xuz66.jpg,1920,1080,cheques,322,159,859,417
3xuz66.jpg,1920,1080,cheques,974,418,1513,677
3xuz72.jpg,1920,1080,cheques,277,311,817,567
3xuz72.jpg,1920,1080,cheques,1327,13,1864,267
3xuz72.jpg,1920,1080,cheques,284,650,829,902
3xuz99.jpg,1920,1080,cheques,1021,103,1560,356
3xuz99.jpg,1920,1080,cheques,1318,396,1853,653
3xuz98.jpg,1920,1080,cheques,984,631,1524,893
3xuz73.jpg,1920,1080,cheques,189,591,732,853
3xuz73.jpg,1920,1080,cheques,1254,479,1792,735
3xuz67.jpg,1920,1080,cheques,255,168,790,427
3xuz67.jpg,1920,1080,cheques,392,699,931,956
3xuz59.jpg,1920,1080,cheques,1185,186,1721,442
3xuz59.jpg,1920,1080,cheques,1356,706,1893,964
3xuz71.jpg,1920,1080,cheques,1128,774,1667,1031
3xuz71.jpg,1920,1080,cheques,1154,441,1696,700
3xuz65.jpg,1920,1080,cheques,313,691,856,946
3xuz65.jpg,1920,1080,cheques,1345,566,1879,814
3xuz64.jpg,1920,1080,cheques,139,149,679,404
3xuz64.jpg,1920,1080,cheques,1145,43,1684,303
3xuz64.jpg,1920,1080,cheques,1236,506,1772,760
3xuz70.jpg,1920,1080,cheques,43,431,581,692
3xuz70.jpg,1920,1080,cheques,811,45,1347,304
3xuz70.jpg,1920,1080,cheques,1067,313,1607,567
3xuz58.jpg,1920,1080,cheques,1059,336,1602,593
3xuz58.jpg,1920,1080,cheques,1318,607,1857,864
3xuz17.jpg,1920,1080,cheques,799,374,1339,624
3xuz17.jpg,1920,1080,cheques,936,781,1472,1034
3xuz16.jpg,1920,1080,cheques,863,166,1404,420
3xuz16.jpg,1920,1080,cheques,838,816,1377,1068
3xuz14.jpg,1920,1080,cheques,1350,536,1892,793
3xuz14.jpg,1920,1080,cheques,557,566,1096,821
3xuz28.jpg,1920,1080,cheques,40,67,579,323
3xuz28.jpg,1920,1080,cheques,572,407,1114,666
3xuz28.jpg,1920,1080,cheques,1368,636,1910,892
3xuz29.jpg,1920,1080,cheques,35,536,574,803
3xuz29.jpg,1920,1080,cheques,1368,156,1907,416
3xuz15.jpg,1920,1080,cheques,725,435,1263,684
3xuz39.jpg,1920,1080,cheques,186,456,725,711
3xuz39.jpg,1920,1080,cheques,1310,238,1843,499
3xuz39.jpg,1920,1080,cheques,984,552,1529,806
3xuz11.jpg,1920,1080,cheques,815,545,1352,800
3xuz11.jpg,1920,1080,cheques,1374,720,1910,979
3xuz38.jpg,1920,1080,cheques,585,49,1121,309
3xuz38.jpg,1920,1080,cheques,511,414,1047,670
3xuz38.jpg,1920,1080,cheques,1025,731,1565,985
3xuz12.jpg,1920,1080,cheques,838,118,1381,377
3xuz12.jpg,1920,1080,cheques,1359,816,1897,1070
3xuz13.jpg,1920,1080,cheques,654,203,1190,452
3xuz13.jpg,1920,1080,cheques,496,582,1035,842
